{"train loss": 1.0579756498336792, "step": 1, "epoch": 1, "_timestamp": 1660002299.5034509, "_runtime": 37.483898878097534, "_step": 0}